Suburb,0-4,5-9,10-14,15-19,20-24,25-29,30-34,35-39,40-44,45-49,50-54,55-59,60-64,65-69,70-74,75-79,80-84,85+,Total Persons
Goulburn,1390,1469,1384,1491,1383,1447,1377,1384,1523,1443,1572,1461,1350,1197,1087,737,590,621,22906
Goulburn Region,623,813,854,771,528,445,536,645,805,885,1017,912,1015,900,713,481,299,243,12485
Yass,499,462,436,419,381,358,366,428,529,424,449,404,362,385,246,221,181,188,6738
Yass Region,665,868,939,802,457,388,566,798,956,949,964,857,779,621,443,255,121,115,11543
Young,735,748,762,756,613,523,551,609,640,688,634,614,671,658,496,377,284,315,10674
Young Region,470,552,556,450,272,347,265,368,558,486,582,539,625,558,428,293,206,190,7745
Braidwood,192,246,248,176,86,136,168,188,274,247,324,295,271,285,222,136,82,59,3635
Karabar,535,640,600,617,609,709,684,574,623,677,615,638,495,346,295,167,126,106,9056
Queanbeyan,709,504,492,565,871,1074,1115,835,823,693,688,620,591,435,338,280,242,320,11195
Queanbeyan,319,263,182,221,471,623,411,372,363,327,386,296,245,223,135,115,71,74,5097
Queanbeyan Region,981,994,1202,1144,794,586,709,899,1236,1349,1341,1251,985,771,474,237,127,95,15175
Queanbeyan West,994,1010,1100,1048,907,790,970,1018,1312,1162,1028,754,492,357,222,148,80,74,13466
Bombala,112,159,149,151,99,106,106,126,140,161,178,228,168,190,122,77,61,94,2427
Cooma,421,456,390,473,425,334,400,388,465,533,501,445,413,427,297,255,220,231,7074
Cooma Region,124,181,240,199,98,84,101,166,238,250,332,261,241,250,213,126,74,72,3250
Jindabyne,433,499,493,619,412,414,352,399,585,505,582,496,410,375,242,174,98,85,7173
Batemans Bay,423,543,421,416,239,337,334,413,441,433,445,617,680,757,526,376,266,238,7905
Batemans Bay,442,458,518,491,314,356,405,340,463,447,618,573,666,852,699,424,303,319,8688
Bega,471,498,476,592,422,443,412,445,482,505,692,708,639,496,438,343,233,213,8508
Bega-Eden Hinterland,447,557,619,638,259,283,319,384,577,704,900,1012,858,656,400,234,156,113,9116
Broulee,166,129,227,185,101,72,133,116,134,190,225,230,281,234,201,156,127,138,3045
Deua,8,4,1,1,2,4,3,1,3,7,3,5,6,6,4,0,0,2,60
Eden,160,176,209,229,124,145,153,168,160,182,248,270,264,243,195,173,107,121,3327
Eurobodalla Hinterland,118,207,215,188,108,126,130,146,181,244,345,339,335,291,169,102,61,68,3373
Merimbula,430,521,522,534,429,298,397,403,540,608,771,882,867,974,768,590,382,410,10326
Moruya,345,431,500,485,311,225,244,351,475,481,602,701,678,742,580,389,257,213,8010
Narooma,314,494,437,414,215,207,273,344,450,453,599,845,952,949,744,484,370,403,8947
Avoca Beach,382,585,646,547,358,328,314,430,642,626,584,566,473,353,233,171,101,132,7471
Box Head,549,607,768,677,526,395,405,526,749,710,868,796,802,826,624,460,291,311,10890
Calga,246,293,327,300,217,206,220,283,378,403,345,329,307,330,210,138,90,64,4686
Erina,589,810,854,1019,748,577,549,649,874,882,1041,946,866,975,821,784,654,728,14366
Gosford,1232,1017,910,1003,1386,1655,1382,1196,1128,1195,1380,1250,1123,929,734,584,499,636,19239
Kariong,497,531,534,656,497,337,454,494,509,535,528,365,210,233,118,126,74,54,6752
Kincumber,394,456,444,496,466,354,311,372,436,485,509,446,342,412,295,313,321,581,7433
Narara,394,433,465,539,486,442,392,425,484,419,586,491,454,347,206,112,116,112,6903
Niagara Park,621,635,591,695,595,505,437,471,685,609,653,547,464,406,222,137,124,75,8472
Point Clare,397,482,386,355,313,279,337,381,464,471,448,397,353,408,369,308,206,216,6570
Saratoga,382,490,410,480,431,294,417,395,461,453,462,443,453,373,334,278,208,207,6971
Terrigal,766,734,745,851,968,862,812,766,878,814,944,1033,932,904,656,449,286,252,13652
Umina,1447,1421,1291,1233,1166,1203,1378,1383,1549,1388,1532,1494,1462,1699,1351,996,786,935,23714
Wamberal,647,783,702,706,571,484,588,665,792,635,695,698,537,476,318,283,217,194,9991
Woy Woy,708,709,695,790,731,641,707,717,906,933,963,910,993,1069,798,602,533,657,14062
Wyoming,733,726,689,827,642,635,753,713,733,726,736,679,641,602,510,341,356,537,11579
Bateau Bay,1453,1457,1319,1480,1302,1346,1408,1320,1429,1308,1514,1380,1269,1263,917,748,708,850,22471
Blue Haven,794,1008,944,918,659,770,775,754,828,670,617,607,481,505,415,285,156,111,11297
Budgewoi,604,530,497,517,530,520,450,414,582,511,637,691,564,598,557,456,318,309,9285
Chittaway Bay,1097,1205,1052,1137,1038,1031,929,871,1074,1053,1218,1051,846,766,535,439,384,438,16164
Gorokan,1265,1370,1444,1427,1389,1191,1221,1086,1300,1375,1355,1364,1258,1235,1041,820,729,730,21600
Jilliby,162,204,261,251,198,131,135,173,249,231,257,224,230,211,129,88,61,47,3242
Lake Munmorah,566,670,646,632,521,470,508,495,610,613,674,617,678,870,823,631,404,289,10717
Ourimbah,286,361,370,416,400,230,281,295,375,366,461,371,314,212,169,115,46,63,5131
Summerland Point,342,355,395,369,204,286,234,310,405,368,406,341,402,458,345,219,136,115,5690
The Entrance,874,839,797,785,940,863,817,736,996,873,901,975,934,995,837,623,536,489,14810
Toukley,525,490,458,589,588,539,506,522,449,502,604,635,613,656,577,453,397,419,9522
Tuggerah,360,389,372,377,306,345,357,320,461,371,334,322,293,251,228,142,103,60,5391
Warnervale,1056,1318,1211,984,646,624,836,1061,1213,928,772,716,702,684,530,379,236,218,14114
Wyong,603,594,454,631,660,541,507,481,607,532,595,578,520,490,378,287,173,191,8822
Bathurst,1436,1560,1535,2045,2846,1834,1511,1339,1613,1447,1468,1418,1179,1124,876,701,503,588,25023
Bathurst,790,915,781,759,590,674,656,658,798,585,652,599,546,479,340,269,183,94,10368
Bathurst Region,369,444,585,519,326,231,285,345,452,535,629,552,541,481,318,159,101,77,6949
Oberon,278,303,264,301,271,279,216,244,308,287,303,311,372,329,227,160,104,101,4658
Condobolin,548,578,442,360,367,415,481,396,424,416,454,491,446,392,319,282,199,202,7212
Cowra,496,566,625,629,520,422,434,439,530,542,589,639,644,618,480,434,319,347,9273
Cowra Region,301,379,356,367,229,231,260,257,344,393,450,420,448,399,339,232,132,127,5664
Forbes,687,673,726,773,613,592,481,499,611,657,700,678,659,625,513,436,276,257,10456
Grenfell,212,233,214,215,111,134,156,170,198,273,274,253,286,289,237,170,129,136,3690
Parkes ,795,819,874,886,716,611,682,637,737,682,718,698,547,522,507,415,304,341,11491
Parkes Region,202,244,245,225,141,101,161,203,191,224,290,260,281,214,162,125,94,87,3450
West Wyalong,409,474,454,328,246,280,362,332,336,325,423,418,349,335,282,239,183,202,5977
Lithgow,762,755,755,705,860,779,743,720,820,803,948,893,841,792,646,495,329,343,12989
Lithgow Region,413,589,542,522,423,372,359,446,530,600,698,612,645,550,434,248,142,120,8245
Mudgee,854,837,794,694,699,841,667,656,790,774,765,596,568,542,456,390,281,289,11493
Mudgee Region,170,195,245,207,111,136,140,151,217,272,232,251,244,272,227,172,93,118,3453
Mudgee Region,624,696,722,664,450,434,470,594,739,715,813,791,765,796,551,364,234,146,10568
Wollangambe,0,0,0,0,0,0,0,0,0,0,0,0,0,0,0,0,0,0,0
Blayney,518,571,591,482,427,351,409,363,533,470,520,494,435,398,301,257,182,129,7431
Orange,1446,1315,1251,1632,1470,1567,1361,1164,1195,1171,1225,1267,1160,1047,818,713,585,586,20973
Orange,1747,1528,1349,1174,1214,1307,1476,1346,1337,1150,1167,1013,901,721,499,379,255,230,18793
Orange Region,722,874,943,790,564,509,620,617,787,790,891,788,797,736,530,325,244,167,11694
Grafton,1113,1244,1227,1249,1150,937,1005,941,1148,993,1341,1263,1065,1084,890,790,648,610,18698
Grafton Region,703,985,1024,1125,555,473,570,679,993,1168,1327,1403,1385,1258,745,473,270,216,15352
Maclean,723,856,958,970,646,519,607,726,928,886,1132,1369,1409,1467,1194,919,653,566,16528
Bellingen,422,475,504,428,224,213,285,331,429,393,464,553,433,301,269,167,114,138,6143
Coffs Harbour,1153,1047,1142,1075,933,950,876,990,1168,1049,1195,1186,1117,1021,842,603,434,511,17292
Coffs Harbour,553,574,531,592,854,762,561,512,572,584,650,649,640,641,498,427,368,382,10350
Coramba,194,266,245,293,181,158,185,187,281,289,333,326,291,192,139,108,37,29,3734
Dorrigo,182,191,188,208,132,160,149,115,192,206,318,311,264,259,162,118,84,94,3333
Korora,488,596,572,617,397,275,432,484,624,613,605,689,589,489,353,195,149,116,8283
Sawtell,1103,1285,1334,1436,1042,932,943,1045,1268,1392,1508,1448,1290,1262,875,673,535,499,19870
Urunga,195,247,274,294,175,161,133,161,270,321,351,434,417,323,271,228,163,160,4578
Woolgoolga,779,773,812,743,503,632,667,601,738,728,863,1009,1011,756,543,450,345,304,12257
Bourke,412,426,319,252,265,335,263,243,331,289,353,290,209,178,130,109,62,59,4525
Cobar,421,420,319,284,351,407,388,382,323,304,318,336,229,175,170,124,94,75,5120
Coonamble,315,292,257,320,344,278,247,211,269,268,337,307,267,248,200,149,115,99,4523
Nyngan,403,446,353,309,313,309,260,314,394,393,396,324,323,298,270,193,129,114,5541
Walgett,506,540,407,349,420,439,402,387,471,468,515,581,458,451,392,213,117,120,7236
Broken Hill,1050,1090,1205,1148,1160,1137,1009,853,1162,1183,1451,1360,1274,1164,890,744,604,564,19048
Far West,187,197,205,127,137,162,230,176,195,197,204,221,175,164,103,61,24,26,2791
Coonabarabran,426,584,576,490,325,383,350,396,525,523,583,626,614,561,491,380,263,239,8335
Dubbo,982,840,766,907,921,835,620,696,739,753,807,756,556,451,336,262,167,200,11594
Dubbo,1159,1161,1176,1192,1137,1180,1052,974,1072,1029,1075,967,812,728,607,518,461,507,16807
Dubbo,702,708,610,548,577,544,563,498,506,456,513,413,425,399,307,215,146,91,8221
Dubbo Region,312,348,392,383,220,223,243,311,334,395,480,438,383,330,220,140,92,64,5308
Gilgandra,270,292,299,262,186,217,214,221,246,316,333,338,287,298,266,197,135,153,4530
Narromine,522,612,551,371,324,340,385,354,420,394,465,444,448,467,313,235,161,141,6947
Wellington,594,680,649,528,523,493,478,516,636,531,595,590,570,573,419,365,266,210,9216
Branxton,821,793,704,670,564,666,723,712,729,648,630,647,586,538,291,162,91,93,10068
Cessnock,1564,1482,1393,1391,1593,1685,1587,1287,1417,1338,1342,1373,1216,1058,822,654,537,441,22180
Cessnock Region,482,616,515,526,359,280,383,477,577,544,597,586,542,437,295,170,109,97,7592
Dungog,518,545,593,599,401,395,446,493,584,670,719,720,660,590,469,343,179,184,9108
Kurri Kurri,1233,1204,1093,1220,1130,1158,1113,1033,1125,1002,1127,1123,1092,948,623,425,297,295,17241
Singleton,1194,1166,1146,1276,1321,1481,1317,1070,1250,1187,1090,983,657,587,353,328,243,255,16904
Singleton Region,349,332,349,313,303,210,300,302,344,398,431,392,325,252,186,82,82,62,5012
Maitland,450,357,332,366,440,398,379,421,440,361,413,349,267,205,171,169,132,177,5827
Maitland,1943,1887,1848,1798,1894,1950,1818,1847,1941,1743,1851,1658,1593,1398,934,756,589,532,27980
Maitland,454,621,577,584,403,400,422,528,563,510,486,476,372,407,273,197,118,180,7571
Maitland,1695,1614,1441,1504,1466,1486,1601,1562,1487,1275,1288,1166,996,875,575,426,337,263,21057
Thornton,683,683,699,678,653,627,635,594,759,664,755,603,472,364,219,132,103,55,9378
Anna Bay,303,319,462,463,373,165,253,295,418,413,446,350,373,476,290,250,125,108,5882
Lemon Tree Passage,464,467,392,353,304,322,358,346,348,379,444,484,493,600,449,290,177,163,6833
Nelson Bay Peninsula,879,1119,1196,1127,929,783,918,973,1312,1293,1455,1470,1531,1907,1596,1119,852,794,21253
Raymond Terrace,1075,1103,939,995,1101,960,877,822,887,875,966,905,826,687,488,400,310,289,14505
Seaham,284,447,466,510,372,209,238,272,480,478,536,408,360,285,188,110,62,61,5766
Tea Gardens,202,180,264,175,98,107,140,187,178,213,277,343,473,604,581,344,265,189,4820
Williamtown,919,1033,937,855,793,814,819,915,939,948,875,791,780,814,563,324,153,132,13404
Muswellbrook,943,924,837,883,1056,1064,946,814,885,842,842,770,593,419,336,243,173,153,12723
Muswellbrook Region,294,357,347,310,233,262,220,357,357,285,304,221,188,205,148,89,80,65,4322
Scone,453,514,454,409,341,461,445,386,421,360,384,387,325,268,250,170,146,165,6339
Scone Region,533,572,587,443,430,505,523,529,509,553,563,559,536,529,342,271,170,168,8322
Berkeley,1821,1645,1591,1745,1838,1642,1633,1565,1820,1736,2039,1775,1636,1492,1340,1308,988,795,28409
Dapto,1462,1582,1479,1545,1538,1413,1385,1436,1545,1414,1583,1366,1405,1470,1194,888,618,523,23846
Horsley,598,640,638,624,465,466,598,554,627,531,562,444,433,277,245,162,112,83,8059
Port Kembla Industrial,0,0,0,0,1,2,0,6,0,0,6,5,8,0,3,1,0,0,32
Unanderra,877,1098,1142,1188,1085,893,948,939,1148,1114,1295,1070,850,772,515,402,338,391,16065
Illawarra Catchment Reserve,3,0,0,3,0,1,5,0,0,0,0,0,0,0,0,1,0,0,13
Albion Park,1032,1087,1167,1154,886,911,884,949,1094,1094,974,778,745,486,373,253,205,184,14256
Albion Park Rail,519,455,459,518,618,499,405,387,451,456,487,505,419,361,266,194,146,175,7320
Kiama,343,363,410,473,344,307,267,359,483,485,565,607,610,586,459,366,284,327,7638
Kiama Downs,414,390,330,372,347,293,345,369,351,334,456,564,456,352,234,165,126,118,6016
Kiama Hinterland,413,425,563,521,396,261,319,356,480,473,582,625,557,469,424,294,210,228,7596
Shellharbour,990,1286,1266,1212,901,690,885,1211,1334,1116,1113,926,771,665,501,321,225,156,15569
Shellharbour,591,614,672,712,684,758,695,615,681,677,773,714,633,518,382,365,223,171,10478
Warilla,1251,1248,1313,1479,1463,1259,1125,992,1337,1262,1466,1397,1207,1326,1064,909,578,463,21139
Balgownie,1257,1163,1160,1432,1776,1473,1261,1329,1379,1342,1463,1257,1112,1102,871,867,651,650,21545
Corrimal,888,966,861,1063,1005,1074,987,1077,1156,965,1161,1097,870,769,629,493,463,429,15953
Figtree,1229,1474,1329,1397,2121,1366,1287,1356,1541,1259,1232,1194,1184,1085,797,731,582,465,21629
Helensburgh,694,685,618,657,548,439,526,659,659,638,736,610,436,364,249,168,133,161,8980
Thirroul,745,844,813,777,642,473,638,763,870,851,966,906,719,555,388,236,216,199,11601
Wollongong,1378,1221,1135,1502,4454,3927,2594,1931,1724,1548,1593,1551,1490,1381,1082,875,654,753,30793
Woonona,1324,1425,1304,1295,1163,1010,1167,1316,1528,1365,1410,1272,1111,936,738,553,465,526,19908
Bulahdelah,259,320,298,303,188,210,186,212,375,386,388,426,369,324,267,191,143,112,4957
Forster,623,706,777,742,539,491,553,552,696,760,920,1030,1181,1373,1103,1014,751,728,14539
Forster-Tuncurry Region,313,422,389,298,157,203,184,314,376,320,445,527,522,553,423,232,145,111,5934
Tuncurry,162,225,266,239,228,167,173,225,294,319,373,448,512,671,556,498,374,437,6167
Kempsey,990,1111,1128,1048,872,911,778,722,896,900,954,1031,945,871,662,499,355,392,15065
Kempsey Region,412,584,566,588,275,326,344,501,491,612,872,1022,871,741,426,308,204,215,9358
Macksville,262,311,310,261,227,159,196,214,260,292,310,383,387,359,316,220,221,230,4918
Nambucca Heads,365,399,328,360,261,294,330,272,326,339,481,507,529,592,549,388,305,366,6991
Nambucca Heads Region,379,485,530,546,292,257,221,356,462,477,725,726,667,627,377,308,152,158,7745
South West Rocks,287,262,294,249,157,144,211,235,261,286,364,405,480,512,388,315,209,216,5275
Lord Howe Island,32,29,9,18,16,16,34,33,20,21,40,28,28,18,23,14,10,7,396
Laurieton,639,880,1032,920,492,487,529,736,954,1001,1139,1117,1335,1452,1274,941,719,642,16289
Port Macquarie,1588,1780,1666,1693,1384,1130,1395,1625,1944,1704,2097,1954,1827,1956,1695,1287,986,931,28642
Port Macquarie,896,868,914,885,745,701,822,690,901,885,949,1009,1070,1254,1103,993,749,799,16233
Port Macquarie Region,198,266,354,377,213,198,182,255,377,452,500,556,444,428,287,161,84,92,5424
Wauchope,642,813,825,707,455,436,474,576,756,632,741,806,708,736,593,420,300,287,10907
Gloucester,246,301,299,268,153,180,197,213,296,298,364,400,424,451,349,239,182,194,5054
Old Bar,560,644,630,660,309,316,358,482,676,582,703,861,833,850,672,442,314,269,10161
Taree,1148,1373,1430,1398,1084,995,1065,1073,1175,1145,1389,1314,1314,1347,1239,1019,722,769,20999
Taree Region,548,672,695,746,428,329,427,494,681,706,1072,1171,1251,1196,844,497,294,233,12284
Wingham,279,359,394,385,228,226,218,228,278,382,429,454,361,335,295,243,179,176,5449
Albury,1047,902,963,966,1153,1089,982,979,942,818,901,788,682,582,453,337,280,262,14126
Albury,620,627,616,733,734,704,597,619,688,639,624,571,515,521,395,300,227,230,9960
Albury,566,490,652,900,942,717,627,621,668,731,722,795,684,591,461,349,306,366,11188
Albury Region,672,827,898,913,462,485,504,559,736,774,882,836,817,685,494,352,218,273,11387
Lavington,837,936,837,936,1082,1025,937,816,833,783,941,928,957,796,638,526,368,309,14485
Hay,169,240,174,176,163,148,132,121,192,214,300,189,162,182,143,142,97,87,3031
Wentworth,391,423,424,411,323,296,294,317,367,390,444,418,429,375,300,199,144,114,6059
Wentworth-Balranald Region,187,208,207,224,197,205,238,213,297,245,343,290,254,186,164,131,94,66,3749
Corowa,286,339,318,414,347,291,270,208,315,318,400,379,397,389,372,325,211,215,5794
Corowa Region,412,425,384,383,183,299,353,333,433,396,472,433,537,551,442,333,244,163,6776
Deniliquin,433,462,438,489,408,373,354,382,471,435,504,524,552,419,360,342,220,271,7437
Deniliquin Region,400,402,407,466,285,270,248,337,402,494,609,592,531,457,359,274,185,176,6894
Moama,301,286,339,299,233,230,266,297,316,315,330,351,461,496,408,277,197,171,5573
Tocumwal,504,512,565,577,379,415,490,466,533,537,643,742,800,773,622,515,293,305,9671
Armidale,1393,1389,1615,2200,2845,1626,1235,1044,1282,1329,1525,1400,1179,1095,866,679,481,508,23691
Armidale Region,267,323,290,291,245,197,211,260,332,284,304,352,317,276,190,134,104,109,4486
Armidale Region,339,500,455,423,279,246,288,370,434,442,491,532,465,416,291,189,110,79,6349
Walcha,167,205,185,189,131,162,143,137,213,239,216,223,261,260,207,143,83,104,3268
Glen Innes,538,534,525,524,468,382,436,407,533,494,699,694,672,677,482,365,286,250,8966
Inverell,870,824,797,917,690,755,738,635,724,665,704,709,645,686,623,512,313,366,12173
Inverell Region,313,367,427,369,192,168,270,276,340,315,460,432,388,363,268,192,118,79,5337
Inverell Region,376,387,301,286,207,215,236,273,364,374,446,402,419,441,383,274,181,152,5717
Tenterfield,332,435,438,341,245,179,317,349,430,350,557,637,621,610,455,300,196,188,6980
Moree,708,638,554,574,680,664,608,552,600,499,557,527,404,438,318,251,158,163,8893
Moree Region,422,486,446,371,331,385,339,346,406,405,449,355,305,255,173,130,63,53,5720
Narrabri,558,523,474,437,474,451,459,479,463,415,487,475,448,332,285,237,163,157,7317
Narrabri Region,363,429,370,312,260,233,294,277,281,370,430,369,320,275,213,155,106,77,5134
Gunnedah,668,664,620,652,683,681,529,493,540,495,639,525,457,460,442,406,258,276,9488
Gunnedah Region,353,327,337,317,197,192,262,267,329,313,360,355,285,262,206,123,100,66,4651
Quirindi,424,539,489,469,374,419,397,406,455,481,615,547,528,510,421,340,216,186,7816
Tamworth,1373,1361,1504,1675,1403,1359,1151,1126,1317,1413,1440,1280,1234,1151,848,694,523,452,21304
Tamworth,992,914,859,964,923,1006,963,820,957,865,969,907,786,697,584,543,443,508,14700
Tamworth,548,622,460,479,504,462,401,306,334,287,312,273,209,207,169,128,66,39,5806
Tamworth Region,1060,1353,1312,1164,763,658,923,1007,1268,1234,1361,1482,1339,1242,946,671,379,304,18466
Belmont,1033,1084,1232,1231,1065,875,998,1037,1229,1222,1273,1180,1205,1064,810,684,540,506,18268
Belmont South,287,322,334,452,374,302,215,291,435,417,458,411,441,338,288,222,213,171,5971
Charlestown,1738,1608,1393,1525,1540,1612,1855,1536,1642,1686,1658,1529,1382,1195,976,849,745,653,25122
Glendale,1653,1598,1440,1618,1707,1702,1754,1675,1725,1532,1666,1613,1497,1340,838,632,480,584,25054
Mount Hutton,672,560,569,654,648,604,550,548,598,580,634,526,437,432,380,290,219,222,9123
Redhead,201,218,221,237,177,88,148,196,293,242,275,291,224,228,177,158,123,153,3650
Swansea,591,604,599,708,620,491,572,566,722,665,841,834,796,847,689,482,373,373,11373
Valentine,554,784,894,866,720,495,493,628,945,888,1085,1088,894,849,556,406,295,266,12706
Warners Bay,785,866,853,870,744,704,735,858,977,855,907,922,785,795,653,508,386,369,13572
Bolton Point,541,514,564,729,636,508,406,517,608,559,709,566,547,562,389,335,231,297,9218
Bonnells Bay,504,514,553,507,524,484,485,390,563,520,546,660,569,603,474,353,212,167,8628
Edgeworth,1066,959,881,892,773,882,970,935,946,788,767,711,674,580,377,279,251,325,13056
Morisset,731,792,878,1028,1023,787,694,677,881,902,1043,1017,877,973,793,708,600,662,15066
Toronto,685,715,752,877,907,870,591,706,842,786,940,1023,997,1050,758,564,469,504,14036
Wangi Wangi,507,493,556,496,501,396,416,506,579,525,692,718,729,713,546,347,242,181,9143
West Wallsend,462,476,475,444,442,402,414,463,448,410,500,472,416,271,143,99,55,74,6466
Adamstown,1077,953,935,912,1013,1081,1234,1085,1239,1106,1007,824,790,762,690,602,429,426,16165
Beresfield,596,605,581,585,541,551,523,540,573,482,555,514,530,518,412,284,170,165,8725
Hamilton,760,717,590,646,1052,1082,811,741,887,861,922,901,690,590,454,333,316,338,12691
Lambton,1159,1235,1136,971,1259,1030,1020,1109,1432,1162,1191,1066,842,782,572,489,452,513,17420
Maryland,946,957,961,949,802,775,840,918,1067,847,865,697,611,472,304,178,98,62,12349
Mayfield,971,795,643,744,1207,1411,1303,975,1035,953,1013,993,789,649,467,467,366,487,15268
Merewether,797,877,724,802,1443,1311,1026,899,913,923,1009,949,791,667,460,397,268,345,14601
Newcastle,484,348,357,417,1380,1599,1140,618,562,614,754,753,695,500,356,261,163,174,11175
Newcastle Port,0,0,0,4,0,2,1,0,0,0,8,0,2,0,1,2,0,0,20
Shortland,562,505,404,932,2277,1105,808,478,476,424,463,432,393,415,323,298,237,330,10862
Stockton,348,339,314,326,352,351,356,296,463,486,543,556,542,485,405,306,198,212,6878
Wallsend,1183,1152,1165,1345,1425,1409,1400,1325,1237,1137,1288,1324,1203,1156,879,694,521,622,20465
Waratah,783,621,548,738,1442,1350,912,790,782,694,765,718,567,454,377,354,301,505,12701
Wickham,594,406,301,381,745,866,963,610,576,484,519,441,490,345,202,161,140,135,8359
Ballina,736,801,858,891,879,789,798,820,998,1039,1224,1165,1304,1276,977,847,801,927,17130
Ballina Region,849,1069,1177,1075,602,530,846,924,1046,1138,1238,1298,1206,1156,827,609,415,500,16505
Bangalow,363,432,403,310,181,151,209,366,551,468,516,609,463,298,169,117,102,91,5799
Brunswick Heads,519,544,523,525,308,328,391,587,707,606,703,757,631,514,291,258,173,196,8561
Byron Bay,434,562,438,492,726,808,814,684,698,680,792,784,685,477,280,184,170,194,9902
Evans Head,278,269,292,311,214,234,208,262,272,336,418,410,398,376,287,241,201,185,5192
Lennox Head,454,573,577,550,335,325,395,515,667,548,684,643,507,404,251,207,156,137,7928
Mullumbimby,399,632,552,485,238,195,301,443,541,610,656,740,715,408,269,197,147,157,7685
Casino,877,890,901,790,693,652,669,642,675,678,798,726,750,703,627,510,399,393,12373
Casino Region,435,447,476,533,358,262,300,363,423,487,642,568,585,488,322,209,129,117,7144
Goonellabah,879,839,895,927,896,785,822,698,816,718,885,836,807,732,552,425,347,354,13213
Kyogle,402,523,468,498,329,345,350,362,455,494,591,732,654,574,320,258,209,209,7773
Lismore,901,894,983,1150,1465,1034,958,1012,980,1149,1182,1118,884,626,516,480,380,463,16175
Lismore Region,772,1001,1150,1087,538,499,587,816,1179,1193,1515,1602,1364,923,558,349,224,169,15526
Kingscliff,630,755,802,749,507,531,573,678,849,896,924,943,722,755,602,507,333,368,12124
Murwillumbah,541,604,613,537,406,396,488,398,540,538,605,562,496,483,376,336,263,397,8579
Murwillumbah Region,530,678,682,610,317,312,410,512,672,721,982,1107,871,600,399,284,169,152,10008
Pottsville,867,950,922,885,598,471,702,931,1052,892,1022,983,870,742,552,408,301,230,13378
Tweed Heads,1018,923,945,1045,1081,1059,966,893,1149,992,1270,1343,1460,1378,1055,1000,903,815,19295
Tweed Heads,1365,1494,1559,1766,1438,1248,1243,1329,1626,1663,1658,1726,1661,1929,1765,1649,1346,1361,27826
Griffith ,1440,1332,1244,1357,1445,1462,1295,1075,1198,1235,1199,1082,979,743,692,583,468,489,19318
Griffith Region,882,1065,1009,865,718,750,737,760,929,952,1059,963,736,560,464,349,219,176,13193
Leeton,649,687,950,1256,573,542,507,541,613,586,712,627,496,502,449,325,230,201,10446
Narrandera,404,455,394,388,274,234,352,328,366,379,484,464,404,365,287,223,166,210,6177
Tumbarumba,186,239,259,180,166,159,178,232,234,211,266,308,275,206,181,143,90,100,3613
Tumut,445,514,403,402,374,394,402,389,419,386,426,397,393,357,275,221,156,238,6591
Tumut Region,273,339,328,254,187,212,220,191,329,332,381,368,355,325,251,203,147,90,4785
Cootamundra,457,521,460,466,343,325,329,313,441,456,569,561,630,585,506,380,269,257,7868
Gundagai,216,262,270,242,159,146,208,198,223,241,253,233,260,241,183,148,98,83,3664
Junee,378,394,406,350,426,480,401,390,472,385,444,461,342,340,221,146,101,99,6236
Temora,397,474,478,398,240,270,233,338,417,388,511,471,456,452,384,300,235,217,6659
Wagga Wagga,1235,1227,1127,1131,1109,1138,1028,1053,1126,935,1128,1153,1003,905,661,454,319,330,17062
Wagga Wagga,235,198,193,443,775,234,220,180,172,199,202,162,98,116,83,99,84,113,3806
Wagga Wagga,1628,1547,1650,1774,1727,1580,1491,1356,1612,1325,1360,1288,1025,823,656,547,412,492,22293
Wagga Wagga,729,722,586,779,1492,1243,883,656,639,647,681,674,601,473,410,350,285,353,12203
Wagga Wagga Region,903,1090,1070,1058,937,563,699,742,917,964,1134,941,920,765,545,425,263,294,14230
Berry,414,487,422,460,314,308,355,366,449,443,627,706,716,838,674,499,329,298,8705
Callala Bay,196,237,269,258,134,89,127,180,246,246,274,305,272,276,261,180,112,105,3767
Culburra Beach,212,215,234,239,249,257,229,190,225,271,426,435,380,413,346,283,229,245,5078
Ettrema,1,4,1,0,0,6,3,2,1,2,3,4,4,0,1,0,1,4,37
Huskisson,203,204,204,182,132,168,206,203,186,232,308,368,355,392,319,212,160,182,4216
North Nowra,916,1051,1001,1127,989,835,786,851,1017,1046,1084,1146,1039,991,725,603,401,401,16009
Nowra,1333,1270,1238,1263,1296,1356,1309,1129,1220,1192,1332,1157,1060,946,814,597,439,423,19374
St Georges Basin,796,956,875,799,630,526,602,688,793,819,880,790,984,1069,889,720,474,367,13657
Sussex Inlet,135,172,203,201,147,161,154,141,196,242,303,293,393,475,391,319,218,242,4386
Tomerong,139,187,252,253,195,130,157,205,293,236,290,302,307,262,163,110,81,41,3603
Ulladulla,690,793,824,951,630,579,516,638,860,822,1086,1123,1151,1261,1026,882,623,602,15057
Ulladulla Region,214,255,249,261,158,128,190,199,302,305,438,466,486,469,348,210,160,98,4936
Bowral,541,705,850,777,520,384,379,501,789,879,871,892,994,1202,1039,741,610,578,13252
Hill Top,418,498,534,461,375,380,304,355,431,464,450,366,283,295,221,139,73,60,6107
Mittagong,491,510,547,718,465,422,351,389,509,509,599,616,613,572,487,374,270,208,8650
Moss Vale,565,651,726,580,443,467,440,511,604,547,689,615,617,722,453,344,255,257,9486
Robertson,200,261,218,200,133,100,155,234,293,221,239,241,259,319,237,106,61,66,3543
Southern Highlands,279,441,394,340,203,146,184,327,411,463,473,512,591,653,451,281,189,187,6525
Baulkham Hills ,1850,1809,1482,1259,1146,1360,1758,1978,1994,1616,1334,1144,1154,1236,912,626,381,336,23375
Baulkham Hills,1133,1332,1448,1689,1797,1027,1043,1128,1464,1581,1688,1413,1298,982,577,415,203,166,20384
Castle Hill,1843,1939,1822,1983,2055,1707,1799,2111,2217,1989,2055,2091,1897,1690,1097,734,448,416,29893
Cherrybrook,1083,1418,1821,2186,1998,1273,928,1224,1780,2042,2269,1924,1493,1240,854,714,563,1045,25855
Glenhaven,257,363,472,428,514,296,241,277,407,448,521,429,442,339,316,241,220,178,6389
Kellyville,1869,2355,2281,2163,1837,1405,1541,1972,2507,2083,2006,1560,1304,1040,657,400,198,165,27343
West Pennant Hills,639,753,917,986,1053,741,571,661,880,945,1170,1242,1152,863,483,242,155,200,13653
Dural,1150,1355,1642,1849,1432,947,812,1106,1562,1579,1755,1567,1372,1291,907,604,379,355,21664
Galston,335,351,362,384,357,238,233,264,401,378,404,360,355,329,236,152,107,207,5453
Bilpin,154,148,193,205,94,76,120,144,202,249,224,218,168,220,155,72,53,34,2729
Kurrajong Heights,1236,1579,1745,1802,1431,1098,1096,1363,1791,1766,1755,1579,1380,1096,756,416,241,243,22373
Pitt Town,647,716,684,670,642,533,568,608,775,660,679,654,514,480,289,237,132,100,9588
Rouse Hill,1429,1976,1926,1388,1190,930,1201,1758,2187,1515,1178,1082,863,739,443,224,93,123,20245
Blacktown,1629,1095,869,812,1066,1895,2091,1379,1055,933,833,741,721,539,423,324,271,249,16925
Blacktown,1480,1257,1135,1156,1324,1434,1459,1336,1142,930,975,1116,1029,758,459,452,304,337,18083
Blacktown ,2209,2055,1870,1866,1955,2200,2269,2055,2086,1756,1896,1599,1353,1042,874,795,469,482,28831
Doonside,1505,1537,1431,1657,1863,1575,1639,1383,1478,1553,1441,1474,1186,814,470,331,227,222,21786
Lalor Park,1854,1779,1561,1541,1644,1687,2020,1800,1846,1654,1731,1692,1481,1089,702,548,475,408,25512
Seven Hills,1772,1577,1425,1448,1591,1983,2117,1817,1611,1456,1556,1464,1320,1243,732,491,336,300,24239
Glenwood,1100,1350,1411,1390,1281,965,1130,1346,1586,1290,1117,843,612,476,296,132,75,65,16465
Parklea,3421,3128,2251,1769,1806,2376,3595,3597,3012,1919,1552,1129,833,603,377,190,124,85,31767
Quakers Hill,2394,2078,1897,1913,1960,2179,2547,2401,2045,1797,1685,1460,1089,843,441,237,169,176,27311
Riverstone,793,809,794,858,815,806,814,811,829,766,842,740,711,611,426,288,175,170,12058
Bidwill,1639,1732,1734,1714,1514,1309,1072,1043,1368,1181,1082,1012,970,950,569,338,193,91,19511
Glendenning Dean Park,786,696,702,699,637,643,805,709,616,602,604,402,290,207,124,70,73,105,8770
Hassall Grove,1593,1686,1761,1866,1817,1691,1425,1460,1580,1549,1578,1156,826,487,300,201,150,144,21270
Lethbridge Park,1716,1526,1572,1545,1373,1326,1209,1087,1221,1031,897,806,737,801,635,367,196,122,18167
Mount Druitt,2107,1974,1767,1817,1749,1783,1821,1541,1445,1457,1299,1143,935,807,608,428,259,173,23113
Prospect Reservoir,0,0,0,1,6,2,0,4,0,0,2,0,0,0,0,3,0,2,20
Rooty Hill,1477,1467,1507,1689,1748,1530,1564,1503,1391,1436,1469,1251,1031,819,496,319,235,325,21257
Banksmeadow,0,0,0,0,0,2,0,0,0,0,0,0,2,6,2,2,0,0,14
Botany,832,819,536,551,560,570,743,883,968,727,657,474,459,408,315,227,185,208,10122
Mascot,1569,1249,1038,1223,1699,2363,2306,1801,1745,1328,1331,1219,966,935,747,648,424,347,22938
Pagewood,710,645,535,711,983,926,894,738,847,770,727,646,629,567,474,312,230,309,11653
Port Botany Industrial,0,0,0,0,0,0,0,0,0,0,0,0,0,0,0,0,0,0,0
Sydney Airport,1,0,0,0,0,1,7,0,0,0,3,0,1,0,1,1,0,0,15
Marrickville,1707,1348,1023,971,1891,2659,2770,2391,2393,1761,1642,1452,1177,1072,800,780,557,453,26847
Petersham,1138,923,689,706,1555,2435,2479,1932,1861,1470,1252,914,870,708,486,399,268,247,20332
Sydenham,528,381,217,249,675,780,1003,886,762,543,532,478,373,259,180,146,103,108,8203
Darlinghurst,337,145,106,132,872,2206,2222,1255,901,779,672,515,445,372,194,122,113,83,11471
Erskineville,963,453,352,403,1116,2494,2806,1998,1570,1137,962,657,518,321,187,131,84,69,16221
Glebe,809,536,412,696,2114,2850,2183,1741,1394,978,994,973,911,741,423,258,203,169,18385
Newtown,1087,615,468,1005,3563,3801,3293,2314,1849,1479,1179,925,691,519,350,233,141,142,23654
Potts Point,542,251,186,375,1503,3013,3009,2180,1766,1301,1274,1095,988,881,647,386,248,374,20019
Pyrmont,878,479,365,783,3317,4354,3818,2102,1429,938,962,815,726,551,330,252,146,82,22327
Redfern,731,400,210,387,2357,3467,2890,1806,1477,1203,1160,860,776,589,456,426,311,193,19699
Surry Hills,533,260,143,267,1586,3379,3260,2014,1471,1151,869,707,526,438,265,248,186,245,17548
Sydney,903,288,220,918,5002,5881,5027,2247,1401,961,1100,960,958,742,413,319,166,189,27695
Waterloo,1351,725,640,1048,3208,4373,3841,2483,1984,1329,1232,1121,928,820,574,512,348,238,26755
Bondi,1315,911,771,667,1328,2395,2983,2007,1665,1164,1072,908,839,675,496,392,293,379,20260
Bondi Beach,1558,1016,685,650,1451,3018,3574,2598,2021,1186,996,770,661,604,389,302,251,288,22018
Bondi Junction,1172,887,723,679,1096,1947,2058,1547,1467,1148,913,871,762,720,564,490,412,556,18012
Centennial Park,0,0,0,0,0,0,0,0,0,0,0,0,0,0,0,0,0,0,0
Double Bay,1412,1206,1204,1380,1588,2566,2873,2094,1921,1505,1595,1517,1408,1557,1112,863,614,838,27253
Dover Heights,830,709,615,606,721,840,983,893,911,758,696,645,622,521,376,250,218,285,11479
Paddington,932,687,417,430,1053,2205,2115,1539,1448,1052,881,693,668,775,551,295,157,172,16070
Rose Bay,770,877,955,1046,859,609,631,722,848,904,901,791,691,761,493,334,318,373,12883
Woollahra,480,381,274,278,484,686,783,600,582,467,478,435,446,462,394,227,209,333,7999
Coogee,1819,1428,1073,918,1858,2719,3223,2467,2225,1734,1501,1318,1130,989,700,508,398,484,26492
Kensington,1286,1062,977,2349,6348,4054,2584,1729,1528,1435,1267,1150,936,932,754,632,531,464,30018
Malabar,1354,1442,1351,1423,1609,1411,1402,1582,1746,1804,1764,1584,1434,1328,918,684,565,633,24034
Maroubra,2016,1666,1537,1793,2860,2796,2841,2559,2288,1935,1930,1758,1468,1343,1112,999,764,796,32461
Randwick,2025,1486,1087,1051,2552,3896,3609,2777,2514,1865,1781,1410,1198,998,718,603,530,671,30771
Bankstown,3252,2677,2004,1975,2637,2943,3072,2460,2200,1986,1939,1790,1377,1059,798,644,495,543,33851
Bass Hill,1598,1674,1507,1454,1605,1444,1476,1387,1483,1369,1352,1285,1121,1165,842,604,452,430,22248
Chullora,7,3,1,0,5,19,12,4,1,2,4,1,0,2,3,2,2,2,70
Condell Park,903,935,742,830,800,796,766,742,712,674,678,624,512,478,334,258,204,214,11202
Greenacre,2143,2339,2099,2120,2113,1907,1849,1666,1561,1607,1609,1439,1201,1030,707,627,439,560,27016
Padstow,1097,954,994,1020,1034,1124,1046,971,1130,1137,1309,1080,885,780,577,533,460,567,16698
Panania,1671,1852,1616,1711,1690,1481,1723,1785,1893,1707,1777,1656,1391,1323,927,737,600,569,26109
Revesby,1107,1080,1010,1060,1202,1207,1174,1204,1144,1177,1107,1047,792,653,507,449,368,553,16841
Yagoona,1563,1485,1528,1454,1587,1546,1500,1304,1307,1330,1401,1271,1058,828,622,478,422,515,21199
Belmore,1457,1351,1144,1313,1401,1499,1616,1338,1357,1333,1354,1148,965,891,746,629,439,391,20372
Canterbury,1999,1517,1385,1613,2072,2952,2812,2045,2079,1950,2012,1810,1412,1040,864,793,514,462,29331
Kingsgrove,1522,1521,1302,1337,1384,1366,1575,1789,1948,1813,1650,1431,1292,1337,1064,999,709,647,24686
Lakemba,3092,2188,1646,1546,2031,2847,3151,2367,1789,1513,1358,1173,855,700,580,425,323,310,27894
Punchbowl,1790,1564,1444,1587,1624,1652,1595,1285,1265,1279,1299,1231,946,777,643,424,312,306,21023
Roselands,999,1006,831,900,879,936,955,998,1005,1016,878,762,674,666,483,404,363,371,14126
Hurstville,1481,1091,1077,1279,1917,2749,2003,1363,1360,1241,1420,1293,938,796,643,625,354,447,22077
Mortdale,1593,1301,1194,1244,1685,2058,2159,1716,1736,1595,1695,1534,1269,1009,678,526,502,643,24137
Narwee,894,790,701,839,917,1016,1026,848,909,966,917,855,764,651,524,514,369,490,13990
Oatley,805,763,694,817,902,791,740,845,903,823,1000,874,764,663,478,365,316,417,12960
Peakhurst,1214,1274,1245,1153,1191,866,957,1223,1390,1256,1244,1101,935,1004,819,770,575,624,18841
Riverwood,706,536,524,597,774,736,794,656,627,633,681,680,591,539,380,365,255,267,10341
South Hurstville,1318,1346,1465,1613,2046,2065,1842,1399,1680,1619,1694,1566,1280,1098,750,651,514,591,24537
Arncliffe,1328,940,837,997,1378,1961,1998,1428,1270,1083,870,826,767,586,432,396,250,253,17600
Bexley,1945,1638,1542,1648,1736,2194,2492,1949,1975,1705,1751,1564,1390,1105,813,704,532,543,27226
Kingsgrove,819,835,826,815,766,720,810,969,1024,848,844,733,680,704,524,499,385,370,13171
Kogarah,806,566,506,479,685,1179,1369,961,774,650,613,441,356,381,293,233,240,239,10771
Kogarah Bay,1151,828,855,846,1092,1377,1485,1164,1164,1062,1186,1041,842,743,538,363,324,303,16364
Monterey,812,722,722,664,710,960,1183,1111,1186,973,906,803,877,761,572,551,412,337,14262
Rockdale,1474,897,825,839,1597,2785,2412,1707,1356,1094,1047,981,792,712,519,439,326,434,20236
Sans Souci,1017,943,769,824,718,896,971,1049,1257,1223,1122,1041,963,980,790,626,482,606,16277
Concord,1422,1415,1214,1251,1338,1300,1460,1619,1719,1578,1691,1462,1289,1194,894,684,486,505,22521
Concord West,1746,1076,861,1100,2441,3450,3037,1929,1583,1201,1173,965,682,590,438,303,224,255,23054
Drummoyne,1317,1118,738,808,941,1369,1532,1588,1563,1404,1208,1129,1019,993,662,571,499,620,19079
Five Dock,1469,1114,879,903,1040,1410,1859,1828,1629,1495,1406,1280,1169,1032,798,655,583,496,21045
Balmain,1109,906,682,484,714,1199,1712,1500,1568,1247,1054,1111,1013,901,561,310,166,185,16422
Leichhardt,2148,1470,986,798,1764,2458,2826,2858,2632,2031,1538,1443,1341,994,640,450,368,331,27076
Lilyfield,1231,906,483,456,629,1040,1667,1630,1481,1093,994,745,739,596,359,251,169,171,14640
Ashfield,1551,1080,871,1055,1948,3047,2564,1986,1705,1544,1438,1279,1089,833,709,614,513,694,24520
Burwood,1377,1075,1032,1297,2554,3107,2092,1552,1446,1398,1571,1328,1034,860,618,617,537,571,24066
Canterbury,598,548,544,591,622,731,723,714,853,801,736,620,581,491,384,329,211,185,10262
Croydon Park,1120,1021,985,1038,1265,1262,1310,1201,1338,1161,1279,971,966,768,618,537,466,374,17680
Dulwich Hill,1153,982,770,693,920,1547,1616,1590,1520,1290,1119,970,716,608,509,406,272,262,16943
Haberfield,840,837,714,643,932,1047,1239,1066,1153,976,1083,772,683,565,421,391,320,430,14112
Homebush,1068,683,621,797,1392,2377,1976,1065,900,799,771,649,456,312,257,215,134,114,14586
Strathfield,1351,1230,1360,1665,2845,3914,2622,1672,1519,1695,1775,1589,1290,1063,809,686,551,672,28308
Chatswood,1599,1369,1246,1413,2182,2678,2711,2227,2069,1615,1542,1248,1193,1016,694,515,492,578,26387
Chatswood,1351,1249,956,1000,1346,1811,2000,1624,1583,1299,1244,1040,886,782,558,425,342,427,19923
Lane Cove,1727,1788,1617,1655,1678,1597,1856,1883,2057,1950,1769,1572,1437,1354,890,658,532,697,26717
St Leonards,801,473,299,316,655,1472,1634,1175,947,574,549,506,422,346,200,165,98,95,10727
Willoughby,1892,2075,1890,1558,1408,1091,1406,1834,2325,2072,1906,1678,1432,1288,922,682,638,654,26751
Asquith,1180,1387,1215,1255,1278,893,1023,1360,1511,1376,1562,1335,1041,904,563,395,304,264,18846
Berowra,830,963,938,799,665,571,610,850,1114,924,956,836,649,671,392,257,126,108,12259
Hornsby,2509,1925,1586,1581,1938,2383,3261,3251,2598,2015,1902,1627,1374,1241,949,701,543,756,32140
Normanhurst,1219,1353,1403,1503,1188,889,967,1219,1478,1400,1434,1111,1038,969,771,547,357,409,19255
Gordon,1025,1249,1675,1849,1579,1027,1089,1163,1475,1640,1701,1407,1119,1046,797,586,468,669,21564
Lindfield,1226,1842,1807,1807,1429,974,881,1300,1767,1769,1848,1501,1224,1048,785,658,450,690,23006
Pymble,855,1258,1449,1538,1163,663,631,905,1328,1457,1444,1029,944,800,596,375,284,384,17103
St Ives,1045,1416,1506,1606,1337,701,775,1075,1537,1534,1655,1400,1172,1102,1009,810,606,650,20936
Turramurra,1071,1441,1502,1450,1075,589,709,1103,1396,1577,1385,1178,1067,1043,882,719,675,904,19766
Wahroonga,874,1270,1454,1606,1431,770,720,898,1337,1435,1519,1270,965,1041,744,590,460,512,18896
Cremorne,1339,890,740,664,884,1941,2400,1851,1681,1331,1329,1156,1110,1077,725,439,268,346,20171
Crows Nest,1095,604,456,478,1182,2511,2947,2198,1431,1051,921,911,944,795,515,374,237,222,18872
Mosman,1662,1865,1917,1719,1558,1874,1992,2039,2553,2290,2108,1773,1674,1792,1245,805,587,823,30276
Neutral Bay,961,549,316,347,1159,2571,2698,1911,1322,989,1025,1081,961,911,713,454,368,486,18822
North Sydney,518,298,285,428,732,1564,1609,1204,888,672,717,615,574,512,411,245,135,161,11568
Balgowlah,1610,2014,1537,1305,1076,822,890,1527,1934,1702,1574,1180,1019,940,682,499,439,430,21180
Manly,1634,1013,688,717,1365,2529,3368,2596,1835,1326,1224,1103,1098,996,737,503,408,466,23606
Avalon,705,882,958,806,679,464,517,605,1071,947,1040,992,1004,991,682,404,344,364,13455
Bayview,524,726,702,708,598,378,428,534,778,835,898,813,763,772,636,437,312,391,11233
Newport,856,1014,822,916,845,591,706,833,1031,983,1252,1108,999,806,581,367,228,238,14176
Warriewood,1748,1752,1570,1356,1342,1135,1361,1953,1955,1669,1651,1550,1383,1278,916,696,565,594,24474
Beacon Hill,906,991,924,950,912,650,685,889,1154,1079,1044,869,716,678,519,510,381,444,14301
Cromer,555,651,510,455,427,332,388,583,657,577,490,417,384,403,343,264,209,264,7909
Dee Why,1922,1388,1071,1085,1501,2376,2810,2326,2133,1705,1689,1414,1139,911,660,509,436,435,25510
Forestville,779,1233,1106,876,596,373,452,903,1216,1031,916,734,584,579,600,570,418,407,13373
Frenchs Forest,1577,2026,1947,1805,1352,836,962,1661,2091,2124,1838,1410,1323,1498,1294,858,645,665,25912
Freshwater,1666,1238,1058,1074,1238,1922,2414,2057,1938,1572,1357,1124,919,669,440,341,327,367,21721
Manly Vale,1362,1387,1109,928,948,867,1204,1416,1625,1325,1122,940,820,701,550,423,402,480,17609
Narrabeen,1764,1502,1434,1264,1430,1795,1902,1891,2043,1620,1600,1287,1284,1161,923,720,576,968,25164
Terrey Hills,168,267,289,277,249,186,121,182,304,334,269,273,204,271,192,106,49,49,3790
Camden,860,984,802,792,895,881,927,942,914,806,853,762,786,703,501,377,341,547,13673
Elderslie,1490,1603,1536,1393,1097,1049,1249,1461,1581,1288,1259,971,847,669,440,332,187,146,18598
Mount Annan,2503,2390,2142,2103,1936,2031,2290,2346,2333,1899,1705,1194,919,712,452,314,151,104,27524
Bradbury,1470,1486,1524,1607,1528,1336,1413,1321,1315,1189,1142,1053,1039,955,620,381,223,177,19779
Campbelltown,1212,1076,1056,1158,1565,1544,1353,1054,1041,1035,1010,977,911,748,508,432,319,266,17265
Claymore,1523,1614,1590,1846,1848,1628,1536,1300,1285,1383,1591,1443,1132,714,365,232,131,140,21301
Holsworthy Military Area,0,0,0,0,0,0,0,0,0,0,0,0,0,0,0,0,0,0,0
Ingleburn,1240,1119,1147,1295,1456,1368,1237,1191,1318,1402,1340,1329,1083,832,485,389,238,236,18705
Leumeah,1140,1075,1002,1042,1076,1233,1324,1114,1067,945,984,1179,1245,1023,600,345,191,192,16777
Macquarie Fields,1723,1706,1673,1822,1643,1665,1824,1696,1552,1463,1480,1503,1212,1014,660,417,275,284,23612
Minto,1371,1268,1250,1383,1558,1625,1426,1247,1229,1268,1381,1278,1083,719,387,242,167,150,19032
Rosemeadow,1540,1526,1451,1580,1781,1708,1383,1209,1426,1355,1629,1536,1281,894,491,320,170,150,21430
Bargo,352,450,453,403,342,272,299,384,424,414,378,323,362,272,209,150,94,80,5661
Douglas Park,562,546,568,567,454,350,460,493,630,684,612,504,478,393,242,151,124,111,7929
Picton,1139,1250,1164,1201,1067,904,920,1043,1310,1103,1198,1095,870,809,571,371,273,293,16581
The Oaks,609,762,731,627,648,640,565,634,749,559,651,602,609,474,249,190,75,93,9467
Blackheath,292,328,315,278,218,176,262,262,462,465,471,422,475,515,382,217,141,119,5800
Blaxland,1155,1348,1324,1322,1166,953,1096,1197,1474,1277,1398,1454,1419,1090,737,464,276,281,19431
Blue Mountains,0,0,4,3,0,3,0,0,0,2,0,2,0,0,1,6,1,5,27
Katoomba,660,803,721,745,722,640,637,725,982,919,1038,1169,1120,1017,746,463,338,393,13838
Lawson,744,812,809,761,584,555,579,675,863,850,995,881,858,584,391,257,170,175,11543
Springwood,1333,1446,1566,1654,1315,1064,1067,1419,1686,1521,1614,1684,1501,1317,773,571,380,556,22467
Wentworth Falls,362,371,358,324,255,281,278,263,379,429,480,469,536,524,392,257,187,192,6337
Blue Mountains,0,0,0,3,0,1,0,0,2,0,0,0,0,0,0,1,0,0,7
Cambridge Park,1227,1125,936,1084,1239,1424,1323,1135,1062,854,992,1191,1014,886,444,245,142,145,16468
Castlereagh,1534,1380,1387,1519,1616,1633,1364,1345,1334,1307,1347,1118,832,667,385,269,136,97,19270
Emu Plains,1062,987,914,973,886,799,1056,1146,998,870,893,847,984,912,549,374,233,227,14710
Glenmore Park,1670,1854,1925,1879,1671,1519,1707,1758,1869,1699,1535,1212,894,663,340,235,131,124,22685
Jamisontown,1286,1154,1094,981,1291,1433,1436,1201,1200,954,1057,1085,1172,1032,619,383,254,279,17911
Kingswood,1660,1491,1160,1244,1613,1812,1693,1305,1401,1149,1150,1046,872,716,451,302,195,141,19401
Mulgoa,434,535,566,611,533,468,381,477,546,544,541,455,443,412,266,179,114,85,7590
Penrith,912,689,564,622,1027,1282,1090,906,822,734,699,677,592,620,452,350,334,460,12832
Warragamba,383,429,418,433,368,277,289,393,409,417,404,364,232,194,125,97,64,52,5348
Richmond,853,816,816,955,1258,1172,941,793,1018,868,807,757,725,688,546,432,309,399,14153
Windsor,1206,1263,1162,1235,1365,1441,1136,978,1075,1181,1157,839,655,525,410,268,194,196,16286
Yarramundi,451,524,533,465,682,472,399,488,559,537,518,425,430,314,197,104,53,46,7197
Erskine Park,410,419,515,697,692,457,442,396,441,608,658,424,315,162,104,44,33,41,6858
St Clair,1436,1329,1348,1460,1735,1739,1543,1281,1406,1280,1621,1611,1197,720,363,199,136,106,20510
St Marys,2259,1971,1719,1866,2197,2377,2266,1833,1957,1745,1851,1712,1391,1349,908,607,441,387,28836
Auburn,3442,2485,2109,2459,3389,4326,3583,2448,2188,2044,1999,1776,1292,1073,745,537,406,430,36731
Homebush Bay,1185,856,582,526,965,1912,2361,1709,1434,1016,822,776,541,349,188,109,39,58,15428
Lidcombe,2536,2004,1819,2192,2839,3427,3125,2419,2153,2051,2194,2180,1541,1089,879,636,406,563,34053
Rookwood Cemetery,0,0,1,0,0,3,0,0,0,0,1,1,0,0,0,1,0,0,7
Carlingford,1440,1727,1783,1940,1870,1563,1440,1591,1906,1943,2182,1892,1565,1291,1115,875,569,562,27254
Ermington,1597,1396,1255,1402,1369,1457,1727,1542,1786,1522,1500,1241,1033,839,601,500,437,424,21628
Oatlands,1109,942,1054,1220,1316,1150,1198,1187,1266,1317,1337,1089,927,743,638,479,334,323,17629
Chester Hill,1268,1286,1178,1350,1330,1345,1189,1083,1157,1133,1264,1099,893,640,473,418,444,471,18021
Fairfield,1188,1153,1010,1075,1213,1145,969,906,983,924,969,938,777,594,492,401,390,402,15529
Granville,1934,1286,1153,1238,1785,2232,1941,1484,1277,1210,1201,1060,849,636,497,318,272,225,20598
Greystanes,2095,1893,1515,1627,1654,1598,2245,2122,1890,1700,1491,1359,1396,1520,1028,693,392,265,26483
Guildford,1964,1625,1483,1511,1569,1860,1558,1296,1114,1182,1184,1052,917,726,588,419,331,361,20740
Guildford West,1806,1474,1222,1354,1493,1758,1893,1443,1388,1262,1285,1121,902,749,539,491,397,431,21008
Merrylands,2408,1849,1582,1720,2153,2824,2835,2100,1854,1594,1507,1503,1220,1116,776,554,463,522,28580
Smithfield Industrial,4,0,0,0,0,1,5,0,0,0,0,3,4,4,1,1,0,0,23
Yennora Industrial,3,2,0,0,0,2,3,0,0,0,0,0,0,4,0,1,0,0,15
Girraween,2525,2021,1576,1432,1701,2673,3207,2497,1983,1708,1686,1362,1210,1032,719,662,519,565,29078
North Parramatta,1626,1070,939,1307,2040,2960,3014,1942,1483,1235,1296,1148,854,610,454,379,318,488,23163
North Rocks,509,569,554,563,490,373,415,603,690,602,573,550,476,541,458,186,122,173,8447
Northmead,1844,1221,787,701,1174,2582,2825,2047,1334,974,968,809,761,690,448,340,258,414,20177
Parramatta,2664,1320,833,824,2450,5440,5083,2681,1454,1026,1061,1025,694,545,341,269,208,183,28101
Toongabbie,1625,1356,1204,1357,1455,1715,1663,1595,1648,1463,1398,1245,1078,1072,868,752,524,547,22565
Winston Hills,860,840,716,676,585,553,823,884,914,708,646,607,593,672,516,325,195,193,11306
Epping,1334,1372,1526,1886,2114,1862,1666,1608,1764,1694,2008,1785,1468,1084,862,703,529,581,25846
Pennant Hills,1107,1268,1325,1516,1520,978,990,1144,1390,1475,1600,1510,1218,1101,794,673,504,538,20651
Eastwood,1360,1516,1373,1478,2242,2040,1564,1545,1677,1646,1933,1710,1391,1128,759,645,549,554,25110
Gladesville,914,898,816,793,821,1039,1119,1190,1187,1097,927,818,745,760,523,434,319,350,14750
Hunters Hill,609,748,791,1303,601,413,387,594,745,757,745,631,561,597,388,294,269,462,10895
Macquarie Park,1238,675,522,872,3337,2724,2259,1477,1214,912,910,957,880,683,530,460,447,615,20712
North Ryde,792,829,818,698,771,712,762,790,1044,1039,914,888,714,598,545,455,352,423,13144
Ryde,1882,1748,1648,1573,2202,2423,2552,2246,2229,2038,1900,1657,1438,1194,928,799,734,721,29912
West Ryde,1344,943,756,761,1356,2060,2414,1709,1344,1128,1035,951,912,632,486,432,232,237,18732
Ashcroft,1536,1409,1482,1504,1393,1208,1128,1015,961,1037,1192,986,690,599,530,543,289,192,17694
Badgerys Creek,833,735,785,834,785,789,837,733,735,745,631,621,671,528,337,254,186,231,11270
Cobbitty,646,743,653,630,849,746,539,513,658,560,613,576,465,528,389,233,118,102,9561
Green Valley,1929,2295,2545,2703,2630,2198,2045,1925,2331,2289,2420,2047,1470,898,659,385,262,163,31194
Hoxton Park,1784,1797,1914,1855,1600,1639,1940,1843,1951,1635,1431,1084,663,531,328,159,118,88,22360
Bonnyrigg Heights,976,1094,1045,1263,1406,1324,1143,945,1050,1154,1272,1174,888,644,414,274,165,179,16410
Bossley Park,1141,1143,1255,1417,1686,1355,1254,1138,1281,1221,1532,1491,1249,912,633,389,266,275,19638
Cabramatta,1672,1624,1658,1682,1770,1805,1835,1594,1930,1876,1779,1564,1283,897,724,581,473,473,25220
Cabramatta West,1134,1305,1271,1383,1242,1155,1056,1038,1156,1121,1179,1068,818,612,539,485,413,269,17244
Canley Vale,1474,1492,1321,1550,1669,1608,1445,1355,1541,1438,1534,1327,965,716,600,423,410,347,21215
Edensor Park,523,601,668,809,906,874,703,585,641,690,860,710,571,427,268,174,119,101,10230
Fairfield,1345,1250,1080,1301,1358,1600,1431,1241,1311,1216,1280,1095,815,649,539,415,295,256,18477
Fairfield,1257,1375,1478,1399,1388,1196,1295,1246,1346,1185,1152,1070,906,834,693,448,315,267,18850
Greenfield Park,439,549,580,577,629,631,573,483,492,484,582,627,504,404,340,214,152,87,8347
Horsley Park,221,266,274,400,338,277,243,245,331,369,381,301,279,236,196,150,132,89,4728
Smithfield,1093,1154,1114,1285,1361,1276,1162,1150,1212,1070,1236,1154,1060,918,707,585,488,259,18284
St Johns Park,591,665,749,773,909,770,755,715,694,709,815,824,736,572,422,301,221,166,11387
Wetherill Park Industrial,0,0,0,0,3,2,0,5,5,0,2,5,3,1,0,1,0,0,27
Casula,1176,1231,1097,1164,1221,1355,1160,1052,1213,1079,1123,890,755,577,408,319,227,230,16277
Chipping Norton,1415,1156,1090,1062,1119,1231,1402,1331,1226,1108,1034,999,1010,1023,601,376,225,222,17630
Holsworthy,1556,1466,1492,1541,1620,1677,1674,1532,1747,1468,1415,1016,718,505,413,258,192,197,20487
Liverpool,2648,2092,1754,1857,2463,2860,3027,2247,1979,1874,2005,1949,1438,1275,997,724,539,382,32110
Prestons,2381,2542,2270,2133,1953,1914,2086,2241,2152,1971,1770,1444,1046,790,649,540,329,296,28507
Caringbah,1812,1861,1703,1519,1778,1751,1726,1855,1944,1834,1881,1799,1558,1364,946,798,818,835,27782
Cronulla,1744,1643,1545,1515,2491,2924,2425,2043,2180,2023,2229,2212,1846,1638,1107,782,695,806,31848
Gymea,1043,1166,1143,1172,1181,1037,1028,1188,1388,1297,1285,1186,978,922,648,512,408,344,17926
Miranda,1286,1193,1010,963,1152,1303,1445,1353,1395,1165,1240,1082,872,793,725,709,621,629,18936
Sylvania,915,879,857,914,815,851,922,1021,1122,1058,985,1005,888,1014,954,782,636,724,16342
Engadine,2075,2263,2068,1890,1819,1512,1636,1963,2337,1925,1868,1777,1683,1676,1102,626,407,338,28965
Heathcote,505,445,431,438,509,304,369,458,467,434,490,463,338,316,243,206,167,193,6776
Illawong,523,538,718,897,1079,736,477,516,630,804,1068,1058,864,556,320,185,141,137,11247
Menai,1290,1352,1626,1912,1826,1191,1147,1245,1557,1643,1810,1680,1461,964,531,313,229,148,21925
Oyster Bay,1587,1726,1391,1327,1225,1075,1187,1636,1862,1513,1503,1372,1210,1145,797,467,397,406,21826
Royal National Park,0,0,0,0,4,3,2,7,0,0,0,0,0,0,1,1,0,0,18
Sutherland,1517,1155,920,941,1339,1865,1873,1709,1655,1188,1346,1099,949,959,744,535,497,592,20883
